{
    "providers": [
        {"type": "bitmap", "file": "minecraft:gui/oneblock/blank.png","ascent": -2000,"height": -3,"chars": ["七"]},
        {"type": "bitmap", "file": "minecraft:gui/oneblock/upgrades.png","ascent": 26, "height": 140, "chars": ["ㇴ"]},
        {"type": "bitmap", "file": "minecraft:gui/oneblock/magical.png","ascent": 26, "height": 140, "chars": ["ㇵ"]},
        {"type": "bitmap", "file": "minecraft:gui/oneblock/normal.png","ascent": 26, "height": 140, "chars": ["ㇷ"]},
        {"type": "bitmap", "file": "minecraft:gui/oneblock/legendary.png","ascent": 26, "height": 140, "chars": ["ㇸ"]},
        {"type": "bitmap", "file": "minecraft:gui/oneblock/gifts.png","ascent": 26, "height": 140, "chars": ["ㇶ"]},
        {"type": "bitmap", "file": "minecraft:gui/oneblock/animations.png","ascent": 26, "height": 140, "chars": ["ㇹ"]},
        {"type": "bitmap", "file": "minecraft:gui/oneblock/multiboxes.png","ascent": 26, "height": 140, "chars": ["ㇺ"]},
        {"type": "bitmap", "file": "minecraft:gui/oneblock/craft.png","ascent": 26, "height": 140, "chars": ["ㇻ"]},
        {"type": "bitmap", "file": "minecraft:gui/oneblock/vault.png","ascent": 26, "height": 140, "chars": ["ㇼ"]},
        {"type": "bitmap", "file": "minecraft:gui/oneblock/cosmetics.png","ascent": 26, "height": 140, "chars": ["ㇽ"]},
        {"type": "bitmap", "file": "minecraft:gui/oneblock/shop.png","ascent": 26, "height": 140, "chars": ["㈋"]},
        {"type": "bitmap", "file": "minecraft:gui/oneblock/confirm.png","ascent": 26, "height": 140, "chars": ["ㇾ"]},
        {"type": "bitmap", "file": "minecraft:gui/oneblock/daily.png","ascent": 26, "height": 140, "chars": ["㈁"]},
        {"type": "bitmap", "file": "minecraft:gui/oneblock/prefixes.png","ascent": 26, "height": 140, "chars": ["㈂"]},
        {"type": "bitmap", "file": "minecraft:gui/oneblock/opening.png","ascent": 26, "height": 140, "chars": ["㈃"]},
        {"type": "bitmap", "file": "minecraft:gui/oneblock/kits.png","ascent": 26, "height": 140, "chars": ["㈄"]},
        {"type": "bitmap", "file": "minecraft:gui/oneblock/settings.png","ascent": 26, "height": 140, "chars": ["㈅"]},
        {"type": "bitmap", "file": "minecraft:gui/oneblock/island.png","ascent": 26, "height": 140, "chars": ["㈆"]},
        {"type": "bitmap", "file": "minecraft:gui/oneblock/auctions.png","ascent": 26, "height": 140, "chars": ["㈇"]},
        {"type": "bitmap", "file": "minecraft:gui/oneblock/select.png","ascent": 26, "height": 140, "chars": ["㈈"]},
        {"type": "bitmap", "file": "minecraft:gui/oneblock/items.png","ascent": 26, "height": 140, "chars": ["㈉"]},
        {"type": "bitmap", "file": "minecraft:gui/oneblock/warps.png","ascent": 26, "height": 140, "chars": ["㈒"]},
        {"type": "bitmap", "file": "minecraft:gui/oneblock/warplist.png","ascent": 26, "height": 140, "chars": ["用"]},
        {"type": "bitmap", "file": "minecraft:gui/oneblock/ranks.png","ascent": 26, "height": 140, "chars": ["㈓"]},
        {"type": "bitmap", "file": "minecraft:gui/oneblock/homes.png","ascent": 26, "height": 140, "chars": ["하"]},
        {"type": "bitmap", "file": "minecraft:gui/oneblock/colors.png","ascent": 26, "height": 140, "chars": ["집"]},
        {"type": "bitmap", "file": "minecraft:gui/oneblock/leaderboard.png","ascent": 26, "height": 140, "chars": ["황"]},
        {"type": "bitmap", "file": "minecraft:animation/1.png","ascent": 100,"height": 200,"chars": ["是"]},
        {"type": "bitmap", "file": "minecraft:animation/2.png","ascent": 100,"height": 200,"chars": ["的"]},
        {"type": "bitmap", "file": "minecraft:animation/3.png","ascent": 100,"height": 200,"chars": ["常"]},
        {"type": "bitmap", "file": "minecraft:animation/4.png","ascent": 100,"height": 200,"chars": ["义"]},
        {"type": "bitmap", "file": "minecraft:animation/5.png","ascent": 100,"height": 200,"chars": ["点"]},
        {"type": "bitmap", "file": "minecraft:animation/6.png","ascent": 100,"height": 200,"chars": ["相"]},
        {"type": "bitmap", "file": "minecraft:animation/7.png","ascent": 100,"height": 200,"chars": ["之"]},
        {"type": "bitmap", "file": "minecraft:animation/8.png","ascent": 100,"height": 200,"chars": ["交"]},
        {"type": "bitmap", "file": "minecraft:animation/9.png","ascent": 100,"height": 200,"chars": ["看"]},
        {"type": "bitmap", "file": "minecraft:gui/fullscreen.png","ascent": 100, "height": 1000, "chars": ["大"]}
    ]
}